{"count":1,"self":1964.9613823999998,"total":6383.2842120999994,"children":{"InitializeActuators":{"count":1,"self":0.0020015,"total":0.0020015,"children":null},"InitializeSensors":{"count":1,"self":0.0039997999999999995,"total":0.0039997999999999995,"children":null},"AgentSendState":{"count":1585117,"self":33.443209599999996,"total":204.31045459999999,"children":{"CollectObservations":{"count":317024,"self":18.87576,"total":18.8757602,"children":null},"WriteActionMask":{"count":317024,"self":0.4954201,"total":0.4954201,"children":null},"RequestDecision":{"count":317024,"self":2.2898764,"total":151.4960657,"children":{"AgentInfo.ToProto":{"count":317024,"self":2.6618092,"total":149.2061894,"children":{"GenerateSensorData":{"count":317024,"self":145.4872832,"total":146.5443802,"children":{"RayPerceptionSensor.Perceive":{"count":317024,"self":1.0570933999999998,"total":1.0570933999999998,"children":null}}}}}}}}},"DecideAction":{"count":1585117,"self":4166.2685184,"total":4166.2683307,"children":null},"AgentAct":{"count":1585117,"self":47.6329504,"total":47.736994599999996,"children":{"AgentInfo.ToProto":{"count":225,"self":0.0029844,"total":0.104044,"children":{"GenerateSensorData":{"count":225,"self":0.10005889999999999,"total":0.1010596,"children":{"RayPerceptionSensor.Perceive":{"count":225,"self":0.0010007,"total":0.0010007,"children":null}}}}}}}},"gauges":{"CarAgent.CumulativeReward":{"count":225,"max":77.143074,"min":-218.002991,"runningAverage":29.23689,"value":76.13157,"weightedAverage":75.89546}},"metadata":{"timer_format_version":"0.1.0","start_time_seconds":"1718561115","unity_version":"2022.3.10f1","command_line_arguments":"C:\\Program Files\\Unity\\Hub\\Editor\\2022.3.10f1\\Editor\\Unity.exe -projectpath D:\\Software project\\WoopeeWarriorRacing -useHub -hubIPC -cloudEnvironment production -licensingIpc LicenseClient-batai -hubSessionId 79f3d3a2-31a7-4b10-bc59-7aa3b3ee2b98 -accessToken Hd9D5et-MYNSJ2UtVadNPVgdU8kgGjHa4HE_7ZMXUyY012f","communication_protocol_version":"1.5.0","com.unity.ml-agents_version":"2.0.1","scene_name":"gerbenScene","end_time_seconds":"1718567498"}}